station_id,name,country,latitude,longitude,status,valid_from,valid_to,precipitation_observations,first_precipitation_date,last_precipitation_date,min_precipitation_mm,max_precipitation_mm,avg_precipitation_mm,total_precipitation_sample_mm
05005,Uggerby,DNK,57.5705,10.1074,Active,2009-12-16T00:00:00Z,,5035,2011-12-13T00:00:00.001000+01:00,2025-09-24T00:00:00.001000+02:00,0.0,62.7,2.16,10880.7
05009,Nørre Lyngby N,DNK,57.4219,9.7612,Active,2021-09-20T09:05:25Z,,5035,2011-12-13T00:00:00.001000+01:00,2025-09-24T00:00:00.001000+02:00,0.0,51.0,2.12,10669.3
05015,Lendum,DNK,57.4029,10.2704,Active,2009-12-16T00:00:00Z,,5035,2011-12-13T00:00:00.001000+01:00,2025-09-24T00:00:00.001000+02:00,0.0,86.9,2.25,11337.3
05031,Byrum,DNK,57.2746,11.0292,Active,2010-04-13T00:00:00Z,,5035,2011-12-13T00:00:00.001000+01:00,2025-09-24T00:00:00.001000+02:00,0.0,60.1,1.94,9762.7
05035,Voerså Hede,DNK,57.2215,10.471,Active,2009-12-16T00:00:00Z,,5035,2011-12-13T00:00:00.001000+01:00,2025-09-24T00:00:00.001000+02:00,0.0,61.4,2.1,10581.0
05042,Møllegård Huse,DNK,56.9564,10.2232,Active,2014-10-30T00:00:00Z,,3854,2014-11-06T00:00:00.001000+01:00,2025-09-24T00:00:00.001000+02:00,0.0,44.6,1.96,7560.6
05065,Mørkeskov,DNK,56.814,9.8245,Active,2011-11-02T00:00:00Z,,5035,2011-12-13T00:00:00.001000+01:00,2025-09-24T00:00:00.001000+02:00,0.0,52.7,2.33,11706.4
05070,Havnø,DNK,56.7157,10.1644,Active,2009-12-15T00:00:00Z,,5035,2011-12-13T00:00:00.001000+01:00,2025-09-24T00:00:00.001000+02:00,0.0,73.0,1.94,9760.7
05075,Hørby,DNK,56.6509,9.7012,Active,2009-12-15T00:00:00Z,2011-11-02T00:00:00Z,5035,2011-12-13T00:00:00.001000+01:00,2025-09-24T00:00:00.001000+02:00,0.0,70.5,2.18,11000.8
05081,Gatten,DNK,56.879,9.4041,Active,2010-04-13T00:00:00Z,,5035,2011-12-13T00:00:00.001000+01:00,2025-09-24T00:00:00.001000+02:00,0.0,45.5,2.19,11027.9
05085,Aggersund,DNK,57.0143,9.2877,Active,2014-10-29T00:00:00Z,,5035,2011-12-13T00:00:00.001000+01:00,2025-09-24T00:00:00.001000+02:00,0.0,71.3,2.04,10254.8
05089,Lild Strand,DNK,57.1518,8.9649,Active,2010-04-13T00:00:00Z,,5035,2011-12-13T00:00:00.001000+01:00,2025-09-24T00:00:00.001000+02:00,0.0,45.3,2.34,11777.7
05095,Nørre Vorupør,DNK,56.951,8.3769,Active,2011-02-22T00:00:00Z,,5035,2011-12-13T00:00:00.001000+01:00,2025-09-24T00:00:00.001000+02:00,0.0,46.9,2.43,12223.1
05105,Erslev,DNK,56.8334,8.7296,Active,2009-12-15T00:00:00Z,,5035,2011-12-13T00:00:00.001000+01:00,2025-09-24T00:00:00.001000+02:00,0.0,44.5,2.27,11437.8
05109,Junget,DNK,56.7637,9.0945,Active,2010-04-13T00:00:00Z,,5035,2011-12-13T00:00:00.001000+01:00,2025-09-24T00:00:00.001000+02:00,0.0,54.8,2.18,10951.9
05135,Grønbæk,DNK,56.2763,9.6213,Active,2010-01-18T00:00:00Z,,5035,2011-12-13T00:00:00.001000+01:00,2025-09-24T00:00:00.001000+02:00,0.0,46.8,2.2,11095.4
05140,Hald,DNK,56.5665,10.1004,Active,2009-12-14T00:00:00Z,,5035,2011-12-13T00:00:00.001000+01:00,2025-09-24T00:00:00.001000+02:00,0.0,60.4,2.02,10181.0
05150,Hevringholm,DNK,56.5062,10.4403,Active,2009-12-14T00:00:00Z,,5035,2011-12-13T00:00:00.001000+01:00,2025-09-24T00:00:00.001000+02:00,0.0,73.5,1.8,9058.1
05160,Sibirien,DNK,56.1103,10.5466,Active,2009-12-14T00:00:00Z,,5035,2011-12-13T00:00:00.001000+01:00,2025-09-24T00:00:00.001000+02:00,0.0,98.6,1.67,8411.9
05165,Tranebjerg Øst,DNK,55.8322,10.6185,Active,2010-11-18T00:00:00Z,,5035,2011-12-13T00:00:00.001000+01:00,2025-09-24T00:00:00.001000+02:00,0.0,52.3,1.61,8106.9
05169,Hov,DNK,55.9115,10.253,Active,2010-04-12T00:00:00Z,2011-02-24T00:00:00Z,5035,2011-12-13T00:00:00.001000+01:00,2025-09-24T00:00:00.001000+02:00,0.0,55.6,1.79,8987.9
05185,Flensted,DNK,56.1496,9.7875,Active,2015-07-20T00:00:00Z,2024-10-29T00:00:00Z,4721,2011-12-13T00:00:00.001000+01:00,2024-11-14T00:00:00.001000+01:00,0.0,75.8,2.3,10841.1
05199,Gludsted Plantage Nv,DNK,56.0761,9.3298,Active,2013-09-17T00:00:00Z,,3709,2013-10-30T00:00:00.001000+01:00,2025-05-09T00:00:00.001000+02:00,0.0,60.1,2.73,10126.7
05202,Nørre Snede,DNK,55.9603,9.3768,Active,2011-10-17T00:00:00Z,,4607,2011-12-20T00:00:00.001000+01:00,2025-09-24T00:00:00.001000+02:00,0.0,63.5,2.56,11815.9
05205,Vestbirk,DNK,55.961,9.7022,Active,2009-12-14T00:00:00Z,,5035,2011-12-13T00:00:00.001000+01:00,2025-09-24T00:00:00.001000+02:00,0.0,49.6,2.25,11352.7
05220,Juelsminde,DNK,55.7102,9.9962,Active,2009-12-14T00:00:00Z,,5035,2011-12-13T00:00:00.001000+01:00,2025-09-24T00:00:00.001000+02:00,0.0,49.9,1.94,9756.2
05225,Hesselballe,DNK,55.8311,9.5531,Active,2011-11-02T00:00:00Z,,5035,2011-12-13T00:00:00.001000+01:00,2025-09-24T00:00:00.001000+02:00,0.0,58.7,2.37,11928.1
05269,Blåhøj Kirkeby,DNK,55.8528,9.0162,Active,2011-02-21T00:00:00Z,,5035,2011-12-13T00:00:00.001000+01:00,2025-09-24T00:00:00.001000+02:00,0.0,58.5,2.68,13480.7
05272,Brande,DNK,55.9654,9.1168,Active,2011-10-17T00:00:00Z,,5035,2011-12-13T00:00:00.001000+01:00,2025-09-24T00:00:00.001000+02:00,0.0,62.4,2.63,13238.1
05276,Voulund Testfelt P,DNK,56.0372,9.1594,Active,2009-04-16T00:00:00Z,2024-07-31T00:00:00Z,4422,2011-12-13T00:00:00.001000+01:00,2024-08-01T00:00:00.001000+02:00,0.0,56.5,2.5,11037.3
05277,Høgild,DNK,56.0626,8.9854,Active,2011-10-17T00:00:00Z,,4872,2011-12-20T00:00:00.001000+01:00,2025-09-24T00:00:00.001000+02:00,0.0,82.9,2.63,12808.5
05290,Hvidbjerg,DNK,56.6553,8.5476,Active,2009-12-14T00:00:00Z,2010-05-04T00:00:00Z,5035,2011-12-13T00:00:00.001000+01:00,2025-09-24T00:00:00.001000+02:00,0.0,42.2,2.35,11856.6
05296,Trans,DNK,56.5032,8.1465,Active,2012-06-12T00:00:00Z,,4066,2012-06-25T00:00:00.001000+02:00,2025-09-24T00:00:00.001000+02:00,0.0,45.4,2.46,10017.5
05300,Øby,DNK,56.2601,8.1653,Active,2009-12-14T00:00:00Z,2011-10-28T00:00:00Z,5035,2011-12-13T00:00:00.001000+01:00,2025-09-24T00:00:00.001000+02:00,0.0,55.5,2.45,12319.2
05305,Grønbjerg,DNK,56.1837,8.4871,Active,2021-01-25T10:04:02Z,2021-05-28T09:54:27Z,5035,2011-12-13T00:00:00.001000+01:00,2025-09-24T00:00:00.001000+02:00,0.0,69.1,2.85,14362.0
05320,Skovlund,DNK,55.7246,8.6932,Active,2009-12-09T00:00:00Z,2011-02-23T00:00:00Z,5035,2011-12-13T00:00:00.001000+01:00,2025-09-24T00:00:00.001000+02:00,0.0,50.0,2.56,12880.5
05329,Outrup,DNK,55.723,8.3327,Active,2012-10-25T00:00:00Z,,5035,2011-12-13T00:00:00.001000+01:00,2025-09-24T00:00:00.001000+02:00,0.0,72.7,2.67,13432.2
05343,Holsted,DNK,55.4929,8.9036,Active,2013-07-24T00:00:00Z,,4438,2013-08-01T00:00:00.001000+02:00,2025-09-24T00:00:00.001000+02:00,0.0,62.1,2.73,12113.0
05345,Ribe Renseanlæg,DNK,55.329,8.7436,Active,2009-12-09T00:00:00Z,2011-09-27T00:00:00Z,5035,2011-12-13T00:00:00.001000+01:00,2025-09-24T00:00:00.001000+02:00,0.0,54.3,2.51,12635.1
05350,Bredebro,DNK,55.0562,8.8327,Active,2011-02-23T00:00:00Z,,5035,2011-12-13T00:00:00.001000+01:00,2025-09-24T00:00:00.001000+02:00,0.0,81.0,2.6,13099.2
05355,Emmerlev Klev,DNK,54.9872,8.6652,Active,2009-12-09T00:00:00Z,,5035,2011-12-13T00:00:00.001000+01:00,2025-09-24T00:00:00.001000+02:00,0.0,85.3,2.37,11936.2
05365,Kliplev,DNK,54.9316,9.4116,Active,2009-12-09T00:00:00Z,2011-09-28T00:00:00Z,5035,2011-12-13T00:00:00.001000+01:00,2025-09-24T00:00:00.001000+02:00,0.0,67.5,2.52,12677.8
05375,Nørreløkke,DNK,55.0646,9.68,Active,2011-09-28T00:00:00Z,,5035,2011-12-13T00:00:00.001000+01:00,2025-09-24T00:00:00.001000+02:00,0.0,47.9,1.94,9783.5
05381,Rangstrup,DNK,55.147,9.2057,Active,2015-07-21T00:00:00Z,,5035,2011-12-13T00:00:00.001000+01:00,2025-09-24T00:00:00.001000+02:00,0.0,64.3,2.57,12957.0
05384,Vojens Airport,DNK,55.2217,9.292,Active,2024-10-07T09:03:53Z,,313,2024-11-12T00:00:00.001000+01:00,2025-09-24T00:00:00.001000+02:00,0.0,32.3,2.07,648.0
05395,Hajstrup,DNK,55.2555,9.6684,Active,2009-12-09T00:00:00Z,,5035,2011-12-13T00:00:00.001000+01:00,2025-09-24T00:00:00.001000+02:00,0.0,46.2,2.1,10578.1
05400,Båring,DNK,55.4935,9.8953,Active,2009-12-09T00:00:00Z,2011-11-04T00:00:00Z,5035,2011-12-13T00:00:00.001000+01:00,2025-09-24T00:00:00.001000+02:00,0.0,76.1,2.0,10057.1
05406,Tørresø,DNK,55.5815,10.393,Active,2014-10-28T00:00:00Z,,3743,2014-11-06T00:00:00.001000+01:00,2025-09-24T00:00:00.001000+02:00,0.0,71.6,1.75,6539.2
05408,H. C. Andersen Airport,DNK,55.4749,10.3305,Active,2018-11-26T00:00:00Z,,2261,2019-05-16T00:00:00.001000+02:00,2025-09-24T00:00:00.001000+02:00,0.0,69.8,1.95,4418.7
05435,Bøjden,DNK,55.0978,10.1009,Active,2009-12-09T00:00:00Z,2011-11-01T00:00:00Z,5035,2011-12-13T00:00:00.001000+01:00,2025-09-24T00:00:00.001000+02:00,0.0,51.7,1.78,8965.7
05440,Ulbølle,DNK,55.0721,10.4249,Active,2009-12-09T00:00:00Z,2011-11-01T00:00:00Z,5035,2011-12-13T00:00:00.001000+01:00,2025-09-24T00:00:00.001000+02:00,0.0,72.1,2.03,10219.1
05450,Søndenbro,DNK,54.7567,10.7094,Active,2009-12-09T00:00:00Z,,5035,2011-12-13T00:00:00.001000+01:00,2025-09-24T00:00:00.001000+02:00,0.0,62.9,1.7,8571.0
05455,Rudkøbing,DNK,54.9463,10.7234,Active,2009-12-09T00:00:00Z,,5035,2011-12-13T00:00:00.001000+01:00,2025-09-24T00:00:00.001000+02:00,0.0,121.6,1.79,9032.5
05469,Juelsberg,DNK,55.3474,10.7618,Active,2020-08-20T08:22:42Z,,5035,2011-12-13T00:00:00.001000+01:00,2025-09-24T00:00:00.001000+02:00,0.0,85.6,1.77,8927.3
05499,Mulstrup,DNK,55.4026,11.8648,Active,2010-04-13T00:00:00Z,2011-06-21T00:00:00Z,5035,2011-12-13T00:00:00.001000+01:00,2025-09-24T00:00:00.001000+02:00,0.0,57.4,1.77,8904.6
05505,Tåstrup Huse,DNK,55.5633,11.709,Inactive,2023-08-16T00:00:00Z,,4342,2011-12-13T00:00:00.001000+01:00,2025-09-24T00:00:00.001000+02:00,0.0,41.5,1.8,7819.8
05510,Rye,DNK,55.5184,11.2328,Active,2022-12-16T08:04:04Z,2024-11-14T16:09:33Z,5035,2011-12-13T00:00:00.001000+01:00,2025-09-24T00:00:00.001000+02:00,0.0,74.4,1.65,8332.5
05529,Havnsø,DNK,55.7489,11.3374,Active,2010-04-13T00:00:00Z,2011-09-22T00:00:00Z,5035,2011-12-13T00:00:00.001000+01:00,2025-09-24T00:00:00.001000+02:00,0.0,41.1,1.7,8571.9
05537,Mørkøv Syd,DNK,55.6366,11.4942,Active,2012-03-01T00:00:00Z,,4956,2012-03-01T00:00:00.001000+01:00,2025-09-24T00:00:00.001000+02:00,0.0,86.2,1.82,9035.6
05545,Kollekolle,DNK,55.8687,11.6064,Active,2009-12-08T00:00:00Z,2015-07-22T00:00:00Z,5035,2011-12-13T00:00:00.001000+01:00,2025-09-24T00:00:00.001000+02:00,0.0,43.8,1.87,9434.2
05575,Græsted,DNK,56.0429,12.2918,Active,2009-12-08T00:00:00Z,2011-09-19T00:00:00Z,5035,2011-12-13T00:00:00.001000+01:00,2025-09-24T00:00:00.001000+02:00,0.0,63.4,1.89,9532.3
05735,Botanisk Have,DNK,55.6858,12.5768,Active,2010-01-14T00:00:00Z,2012-07-24T00:00:00Z,5035,2011-12-13T00:00:00.001000+01:00,2025-09-24T00:00:00.001000+02:00,0.0,126.7,1.84,9247.1
05880,Møllebjerggård,DNK,55.2931,12.4218,Active,2011-11-11T00:00:00Z,,5035,2011-12-13T00:00:00.001000+01:00,2025-09-24T00:00:00.001000+02:00,0.0,81.8,1.61,8120.2
05889,Orup,DNK,55.2076,12.0981,Active,2010-04-13T00:00:00Z,2011-06-21T00:00:00Z,5035,2011-12-13T00:00:00.001000+01:00,2025-09-24T00:00:00.001000+02:00,0.0,104.1,1.88,9450.6
05935,Køng,DNK,55.0987,11.8285,Active,2009-12-08T00:00:00Z,2011-06-21T00:00:00Z,5035,2011-12-13T00:00:00.001000+01:00,2025-09-24T00:00:00.001000+02:00,0.0,114.1,1.67,8416.9
05945,Nørreby,DNK,54.98,11.5336,Active,2012-03-13T00:00:00Z,,5035,2011-12-13T00:00:00.001000+01:00,2025-09-24T00:00:00.001000+02:00,0.0,135.0,1.67,8415.9
05960,Nakskov,DNK,54.8238,11.1539,Inactive,2019-04-23T00:00:00Z,,2719,2011-12-13T00:00:00.001000+01:00,2020-09-18T00:00:00.001000+02:00,0.0,38.4,1.77,4808.0
05970,Rødbyhavn,DNK,54.6573,11.3515,Active,2009-12-21T00:00:00Z,,5035,2011-12-13T00:00:00.001000+01:00,2025-09-24T00:00:00.001000+02:00,0.0,59.6,1.62,8154.1
05981,Bjørup,DNK,54.7793,11.9312,Active,2024-11-14T16:10:19Z,,929,2023-02-27T00:00:00.001000+01:00,2025-09-24T00:00:00.001000+02:00,0.0,69.5,1.94,1801.6
05986,Ny Borre,DNK,54.96,12.24,Active,2011-06-20T00:00:00Z,2012-09-27T00:00:00Z,5035,2011-12-13T00:00:00.001000+01:00,2025-09-24T00:00:00.001000+02:00,0.0,109.3,1.71,8598.8
05994,Østerlars,DNK,55.163,14.9683,Active,2010-04-13T00:00:00Z,,5035,2011-12-13T00:00:00.001000+01:00,2025-09-24T00:00:00.001000+02:00,0.0,61.7,1.99,10038.1
06019,Silstrup,DNK,56.93,8.6412,Active,2019-01-30T15:20:15Z,,5035,2011-12-13T00:00:00.001000+01:00,2025-09-24T00:00:00.001000+02:00,0.0,55.6,2.38,12004.5
06030,Flyvestation Ålborg,DNK,57.0963,9.8505,Active,1953-01-01T00:00:00Z,2019-01-15T13:34:48Z,5035,2011-12-13T00:00:00.001000+01:00,2025-09-24T00:00:00.001000+02:00,0.0,33.8,1.94,9788.7
06031,Tylstrup,DNK,57.1852,9.9527,Active,2023-12-14T08:11:58Z,,5035,2011-12-13T00:00:00.001000+01:00,2025-09-24T00:00:00.001000+02:00,0.0,47.1,2.12,10661.0
06041,Skagen Fyr,DNK,57.7364,10.6316,Active,2019-01-30T15:42:23Z,,5035,2011-12-13T00:00:00.001000+01:00,2025-09-24T00:00:00.001000+02:00,0.0,45.5,1.73,8695.4
06051,Vestervig,DNK,56.7637,8.3207,Active,2003-09-11T00:00:00Z,,5035,2011-12-13T00:00:00.001000+01:00,2025-09-24T00:00:00.001000+02:00,0.0,51.0,2.36,11902.4
06052,Thyborøn,DNK,56.7068,8.215,Active,2019-01-15T13:34:48Z,2019-01-30T15:48:12Z,5035,2011-12-13T00:00:00.001000+01:00,2025-09-24T00:00:00.001000+02:00,0.0,46.1,2.25,11306.0
06058,Hvide Sande,DNK,56.0072,8.1413,Active,1989-01-01T00:00:00Z,2001-11-07T00:00:00Z,5035,2011-12-13T00:00:00.001000+01:00,2025-09-24T00:00:00.001000+02:00,0.0,41.3,2.12,10697.2
06060,Flyvestation Karup,DNK,56.2935,9.1138,Active,1953-01-01T00:00:00Z,2019-01-15T13:34:48Z,5035,2011-12-13T00:00:00.001000+01:00,2025-09-24T00:00:00.001000+02:00,0.0,46.4,2.36,11877.9
06065,Års Syd,DNK,56.7558,9.5067,Active,2019-01-30T15:56:23Z,,5035,2011-12-13T00:00:00.001000+01:00,2025-09-24T00:00:00.001000+02:00,0.0,54.3,2.08,10458.2
06068,Isenvad,DNK,56.0939,9.1811,Active,2019-01-15T13:34:48Z,2019-01-30T15:58:52Z,5035,2011-12-13T00:00:00.001000+01:00,2025-09-24T00:00:00.001000+02:00,0.0,50.5,2.42,12208.7
06069,Foulum,DNK,56.4931,9.5709,Active,2019-01-30T16:00:24Z,2023-03-17T08:27:22Z,5035,2011-12-13T00:00:00.001000+01:00,2025-09-24T00:00:00.001000+02:00,0.0,43.7,2.23,11217.0
06070,Århus Lufthavn,DNK,56.3083,10.6254,Active,1998-05-20T00:00:00Z,2019-01-15T13:34:47Z,5035,2011-12-13T00:00:00.001000+01:00,2025-09-24T00:00:00.001000+02:00,0.0,60.0,2.02,10186.1
06072,Ødum,DNK,56.3027,10.1272,Active,2019-01-30T16:02:18Z,,5035,2011-12-13T00:00:00.001000+01:00,2025-09-24T00:00:00.001000+02:00,0.0,63.3,1.94,9777.0
06074,Århus Syd,DNK,56.0803,10.1353,Active,2019-01-15T13:34:47Z,2019-01-30T16:04:48Z,5035,2011-12-13T00:00:00.001000+01:00,2025-09-24T00:00:00.001000+02:00,0.0,68.1,1.98,9989.2
06079,Anholt Havn,DNK,56.7169,11.5098,Active,2019-01-30T16:05:55Z,,5035,2011-12-13T00:00:00.001000+01:00,2025-09-24T00:00:00.001000+02:00,0.0,56.4,1.67,8423.7
06080,Esbjerg Lufthavn,DNK,55.5281,8.5627,Active,2019-01-30T16:06:45Z,2024-11-14T16:10:27Z,4656,2011-12-13T00:00:00.001000+01:00,2025-09-24T00:00:00.001000+02:00,0.0,99.6,2.6,12085.1
06082,Borris,DNK,55.9591,8.6242,Active,2002-04-17T00:00:00Z,2019-01-30T16:08:45Z,5035,2011-12-13T00:00:00.001000+01:00,2025-09-24T00:00:00.001000+02:00,0.0,60.5,2.59,13051.8
06088,Nordby,DNK,55.4426,8.3869,Active,2023-08-18T08:57:54Z,,5035,2011-12-13T00:00:00.001000+01:00,2025-09-24T00:00:00.001000+02:00,0.0,97.6,2.35,11834.8
06093,Vester Vedsted,DNK,55.2908,8.6551,Active,2003-12-11T00:00:00Z,2019-01-15T13:34:47Z,1092,2012-01-02T00:00:00.001000+01:00,2014-12-31T00:00:00.001000+01:00,0.0,36.1,2.51,2741.5
06102,Horsens/Bygholm,DNK,55.868,9.7872,Active,2019-01-15T13:34:47Z,2019-01-30T12:45:09Z,5035,2011-12-13T00:00:00.001000+01:00,2025-09-24T00:00:00.001000+02:00,0.0,50.7,2.12,10657.9
06104,Billund Lufthavn,DNK,55.7379,9.1674,Active,2024-05-28T07:35:38Z,2024-11-14T16:10:28Z,5035,2011-12-13T00:00:00.001000+01:00,2025-09-24T00:00:00.001000+02:00,0.0,71.2,2.76,13917.8
06109,Askov,DNK,55.4715,9.1124,Active,2002-04-24T00:00:00Z,2019-01-30T16:16:33Z,5035,2011-12-13T00:00:00.001000+01:00,2025-09-24T00:00:00.001000+02:00,0.0,60.7,2.72,13705.8
06110,Flyvestation Skrydstrup,DNK,55.2252,9.2634,Active,1985-01-16T00:00:00Z,2019-01-15T13:34:47Z,5035,2011-12-13T00:00:00.001000+01:00,2025-09-24T00:00:00.001000+02:00,0.0,72.0,2.46,12372.9
06116,Store Jyndevad,DNK,54.8977,9.1284,Active,2019-10-04T11:57:08Z,2022-11-29T11:52:16Z,5035,2011-12-13T00:00:00.001000+01:00,2025-09-24T00:00:00.001000+02:00,0.0,84.5,2.65,13339.3
06119,Kegnæs Fyr,DNK,54.8528,9.988,Active,2002-08-23T00:00:00Z,2019-01-15T13:34:48Z,5035,2011-12-13T00:00:00.001000+01:00,2025-09-24T00:00:00.001000+02:00,0.0,56.6,1.72,8659.4
06120,Odense Lufthavn,DNK,55.4748,10.3304,Active,1959-01-01T00:00:00Z,1975-07-01T00:00:00Z,2155,2011-12-13T00:00:00.001000+01:00,2018-11-21T00:00:00.001000+01:00,0.0,41.0,1.71,3677.8
06126,Årslev,DNK,55.3088,10.4398,Active,2019-01-15T13:34:47Z,2019-02-01T14:49:58Z,5035,2011-12-13T00:00:00.001000+01:00,2025-09-24T00:00:00.001000+02:00,0.0,67.3,1.92,9664.7
06132,Tranebjerg Øst,DNK,55.8315,10.6217,Active,2003-08-20T00:00:00Z,,48,2024-04-29T00:00:00.001000+02:00,2024-10-23T00:00:00.001000+02:00,0.0,16.3,1.84,88.1
06135,Flakkebjerg,DNK,55.3224,11.3879,Active,2001-06-06T00:00:00Z,2019-01-15T13:34:48Z,5035,2011-12-13T00:00:00.001000+01:00,2025-09-24T00:00:00.001000+02:00,0.0,110.9,1.67,8417.1
06136,Tystofte,DNK,55.2465,11.3285,Active,2002-04-11T00:00:00Z,2019-02-01T14:51:56Z,5035,2011-12-13T00:00:00.001000+01:00,2025-09-24T00:00:00.001000+02:00,0.0,89.9,1.63,8192.7
06138,Langø,DNK,54.8205,10.9939,Active,2000-05-23T00:00:00Z,2019-01-15T13:34:48Z,2338,2019-05-02T00:00:00.001000+02:00,2025-09-24T00:00:00.001000+02:00,0.0,75.6,1.58,3698.0
06141,Abed,DNK,54.8275,11.3292,Active,2019-02-01T14:54:00Z,,5035,2011-12-13T00:00:00.001000+01:00,2025-09-24T00:00:00.001000+02:00,0.0,88.9,1.59,8011.3
06147,Vindebæk Kyst,DNK,54.879,12.1841,Active,2019-01-15T13:34:48Z,2019-02-01T14:54:47Z,5035,2011-12-13T00:00:00.001000+01:00,2025-09-24T00:00:00.001000+02:00,0.0,60.6,1.51,7616.2
06149,Gedser,DNK,54.5687,11.9435,Active,2019-02-01T14:55:44Z,,5035,2011-12-13T00:00:00.001000+01:00,2025-09-24T00:00:00.001000+02:00,0.0,52.5,1.49,7503.4
06154,Brandelev,DNK,55.2075,11.8605,Active,2019-02-01T14:58:51Z,,5035,2011-12-13T00:00:00.001000+01:00,2025-09-24T00:00:00.001000+02:00,0.0,124.2,1.71,8614.0
06156,Holbæk,DNK,55.7358,11.6035,Active,1967-01-01T00:00:00Z,1997-07-12T00:00:00Z,5035,2011-12-13T00:00:00.001000+01:00,2025-09-24T00:00:00.001000+02:00,0.0,42.2,1.65,8291.4
06159,Røsnæs Fyr,DNK,55.7435,10.8694,Active,2001-11-15T00:00:00Z,2019-01-15T13:34:47Z,5035,2011-12-13T00:00:00.001000+01:00,2025-09-24T00:00:00.001000+02:00,0.0,50.1,1.65,8316.1
06169,Gniben,DNK,56.0083,11.2787,Active,2019-02-01T15:06:40Z,2019-02-01T15:06:51Z,5035,2011-12-13T00:00:00.001000+01:00,2025-09-24T00:00:00.001000+02:00,0.0,68.4,1.5,7558.8
06170,Roskilde Lufthavn,DNK,55.5867,12.1366,Active,2019-02-01T15:08:09Z,,5035,2011-12-13T00:00:00.001000+01:00,2025-09-24T00:00:00.001000+02:00,0.0,41.4,1.72,8667.2
06174,Tessebølle,DNK,55.3955,12.149,Active,2019-01-15T13:34:47Z,2019-02-01T15:09:00Z,5035,2011-12-13T00:00:00.001000+01:00,2025-09-24T00:00:00.001000+02:00,0.0,53.5,1.61,8105.3
06180,Københavns Lufthavn,DNK,55.614,12.6454,Active,1983-06-16T00:00:00Z,2019-01-15T13:34:48Z,5035,2011-12-13T00:00:00.001000+01:00,2025-09-24T00:00:00.001000+02:00,0.0,54.7,1.73,8706.1
06188,Sjælsmark,DNK,55.8764,12.4121,Active,2019-01-15T13:34:47Z,2019-02-01T18:43:18Z,5035,2011-12-13T00:00:00.001000+01:00,2025-09-24T00:00:00.001000+02:00,0.0,47.3,1.85,9321.8
06193,Hammer Odde Fyr,DNK,55.2979,14.7718,Active,2019-02-01T18:45:06Z,,5035,2011-12-13T00:00:00.001000+01:00,2025-09-24T00:00:00.001000+02:00,0.0,57.2,1.54,7778.3
06197,Nexø Vest,DNK,55.0557,15.0953,Active,2002-09-19T00:00:00Z,2019-01-15T13:34:48Z,5035,2011-12-13T00:00:00.001000+01:00,2025-09-24T00:00:00.001000+02:00,0.0,88.0,1.7,8575.4
06009,Sudur,FRO,61.3957,-6.6818,Active,2024-06-14T08:47:21Z,,467,2024-06-12T06:00:00+00:00,2025-09-24T06:00:00+00:00,0.0,15.2,0.67,312.2
06011,Torshavn,FRO,62.0232,-6.7644,Active,1967-03-19T00:00:00Z,2020-08-03T07:46:27Z,3833,1991-01-01T00:00:00+00:00,2025-09-24T06:00:00+00:00,0.0,1399.2,4.72,18090.4
06012,Fugloy,FRO,62.3195,-6.3205,Active,2024-06-14T08:50:20Z,2024-11-22T13:54:59Z,447,2024-06-12T06:00:00+00:00,2025-09-24T06:00:00+00:00,0.0,103.2,3.36,1500.4
06014,Eioi,FRO,62.2995,-7.074,Active,2022-05-25T00:00:00Z,2024-05-28T07:51:28Z,467,2024-06-12T06:00:00+00:00,2025-09-24T06:00:00+00:00,0.0,38.8,2.97,1388.2
04202,Pituffik,GRL,76.5311,-68.7031,Active,2019-01-15T13:34:47Z,,30,1961-01-01T00:00:00+00:00,1991-01-01T00:00:00+00:00,3.9,149.4,23.59,707.6
04213,Mittarfik Uummannaq-Qaarsut,GRL,70.7342,-52.6961,Active,2019-01-15T13:34:47Z,,3,2024-10-25T06:00:00+00:00,2024-10-28T06:00:00+00:00,0.0,0.0,,
04220,Aasiaat,GRL,68.7081,-52.8517,Active,1958-01-01T00:00:00Z,2019-01-15T13:34:47Z,4992,1961-01-01T00:00:00+00:00,2025-09-24T06:00:00+00:00,0.0,330.6,1.37,6852.4
04224,Mittarfik Aasiaat,GRL,68.7219,-52.7847,Active,2019-01-15T13:34:47Z,,34,2024-09-09T06:00:00+00:00,2024-10-28T06:00:00+00:00,0.0,7.2,0.21,7.2
04231,Mittarfik Kangerlussuaq,GRL,67.0133,-50.7172,Active,1973-05-01T00:00:00Z,2004-07-01T00:00:00Z,2009,1991-01-01T00:00:00+00:00,2019-10-09T06:00:00+00:00,0.0,167.7,0.62,1244.3
04234,Mittarfik Sisimiut,GRL,66.9514,-53.7294,Active,1998-10-03T00:00:00Z,2019-01-15T13:34:47Z,45,2024-09-09T06:00:00+00:00,2024-10-28T06:00:00+00:00,0.0,3.6,0.17,7.8
04250,Nuuk,GRL,64.1833,-51.7308,Active,1958-01-01T00:00:00Z,1991-09-01T00:00:00Z,4753,1961-01-01T00:00:00+00:00,2025-09-24T06:00:00+00:00,0.0,874.0,4.07,19339.0
04260,Mittarfik Paamiut,GRL,62.0,-49.7167,Active,2019-01-15T13:34:47Z,,13,1961-01-01T00:00:00+00:00,1961-01-01T00:00:00+00:00,58.0,874.2,134.67,1750.7
04270,Mittarfik Narsarsuaq,GRL,61.1608,-45.4256,Active,1961-01-01T00:00:00Z,2019-01-15T13:34:47Z,77,1961-01-01T00:00:00+00:00,2024-10-29T06:00:00+00:00,0.0,615.1,39.88,3070.6
04271,Narsarsuaq,GRL,61.1575,-45.44,Active,2024-05-28T11:53:16Z,,683,2012-09-25T06:00:00+00:00,2014-08-28T06:00:00+00:00,0.0,333.6,5.86,4000.5
04272,Qaqortoq,GRL,60.7156,-46.0489,Active,2019-01-15T13:34:47Z,,3959,1961-01-01T00:00:00+00:00,2025-09-24T06:00:00+00:00,0.0,971.7,4.26,16884.6
04320,Danmarkshavn,GRL,76.7694,-18.6681,Active,2019-01-15T13:34:47Z,,1078,1961-01-01T00:00:00+00:00,2015-04-18T06:00:00+00:00,0.0,999.0,10.64,11471.6
04339,Ittoqqortoormiit,GRL,70.4844,-21.9511,Active,1980-11-01T00:00:00Z,2005-08-17T00:00:00Z,1097,2012-08-23T06:00:00+00:00,2025-09-24T06:00:00+00:00,0.0,457.2,21.23,23285.0
04360,Tasiilaq,GRL,65.6111,-37.6367,Active,1982-04-01T00:00:00Z,2005-08-15T00:00:00Z,4457,1961-01-01T00:00:00+00:00,2025-09-24T06:00:00+00:00,0.0,1770.2,8.93,39804.5
04390,Ikerasassuaq,GRL,60.05,-43.1667,Active,1980-10-10T00:00:00Z,1992-07-01T00:00:00Z,2186,1961-01-01T00:00:00+00:00,2019-10-15T06:00:00+00:00,0.0,2474.0,22.26,48666.0
34231,Mittarfik Kangerlussuaq,GRL,67.02,-50.6972,Active,2017-01-01T00:00:00Z,,3165,2017-01-01T18:00:00+00:00,2025-08-31T18:00:00+00:00,0.0,25.0,0.52,1637.7
34234,Mittarfik Sisimiut,GRL,66.9517,-53.7217,Active,2004-12-01T00:00:00Z,,4759,2011-12-12T12:00:00+00:00,2025-08-31T12:00:00+00:00,0.0,91.6,1.53,7265.2
34270,Narsarsuaq,GRL,61.1575,-45.44,Active,2009-01-22T00:00:00Z,,4937,2011-12-12T12:00:00+00:00,2025-08-31T12:00:00+00:00,0.0,81.6,1.62,7986.1
34310,Station Nord,GRL,81.6022,-16.6633,Active,2008-02-01T00:00:00Z,,4941,2011-12-12T12:00:00+00:00,2025-08-31T12:00:00+00:00,0.0,52.6,1.07,5309.0
34320,Danmarkshavn,GRL,76.7694,-18.6681,Active,2009-01-01T00:00:00Z,,5003,2011-12-13T12:00:00+00:00,2025-08-31T12:00:00+00:00,0.0,34.4,0.68,3378.8
34339,Ittoqqortoormiit,GRL,70.4844,-21.9511,Active,2005-08-17T00:00:00Z,,3999,2014-09-01T12:00:00+00:00,2025-08-31T12:00:00+00:00,0.0,57.5,1.87,7463.5
